ticker,isin,lei,legal_name,jurisdiction
AIR,EE3100092792,894500JMKRAWMO6WLP49,Airobot Technologies AS,EE
AKO1L,LT0000128092,529900UB9QON717IL030,AB Akola group,LT
AMG1L,LT0000128696,097900BGMP0000061061,"AB ""Amber Grid""",LT
APG1L,LT0000102337,529900XX7EU9F4GJTY86,"Akcinė prekybos bendrovė ""APRANGA""",LT
ARC1T,EE3100034653,097900BHCB0000066171,Arco Vara AS,EE
AUG1L,LT0000127466,48510000P2S3LHJPX414,"AUGA group, AB",LT
BERCM,EE3100076407,648889296M29DQBJCY58,BERCMAN TECHNOLOGIES,EE
CPA1T,EE3100007857,549300EHNXQVOI120S55,COOP PANK AS,EE
CTS1L,EE3100126368,25940046BHY41BKNKJ92,City Service SE,EE
DGR1R,LV0000101806,2138002PKHUJIMVMYB13,AS DelfinGroup,LV
EEG1T,EE3100016965,529900B52V1TUMW7FS54,Aktsiaselts Ekspress Grupp,EE
EFT1T,EE3100127242,4851000008JBI71L7643,EfTEN Real Estate Fund AS,EE
EGG,LV0000101921,9845000FF8BA92C4LF82,AS Agrova Baltics,LV
EJTC,EE3100008996,64882Q8U24J6A5FF2S42,Estonian Japan Trading Company AS,EE
EWA1L,LT0000132060,48510000ZGSUXT4YG351,"AB ""East West Agro""",LT
FRGTE,LV0000101665,2138008RGTU38IRCST03,Frigate AS,LV
GRB2G,EE3100107194,984500C802EF97DLEF71,Grab2Go AS,EE
GRG1L,LT0000102030,529900YXT3CDTZGS0R43,"AB ""Grigeo""",LT
HAE1T,EE3100004250,5299009GM96I0NYKWS93,AS Harju Elekter Group,EE
HPR1T,EE3100082306,254900NNCQC3L9WR9P45,Hepsor AS,EE
IDX1R,LV0000101863,875500AT8JI5HU41AY20,"IPAS ""Indexo""",LV
IGN1L,LT0000115768,5493005RZJHJT5PNHY10,"AB ""IGNITIS GRUPĖ""",LT
INC1L,LT0000128860,5299006UHD9X339RUR46,"Specialioji uždarojo tipo privataus kapitalo investicinė bendrovė ""INVL Technology""",LT
INF1T,EE3100149394,549300LS1K5S7AWHV603,AKTSIASELTS INFORTAR,EE
INL1L,LT0000128753,5299000AUE9M1W13ZQ36,"Akcinė bendrovė ""INVL Baltic Farmland""",LT
INR1L,LT0000127151,529900GSTEOHKA0R1M59,"Specialioji uždarojo tipo nekilnojamojo turto investicinė bendrovė ""INVL Baltic Real Estate""",LT
IVL1L,LT0000102279,52990001IQUJ710GHH43,"Akcinė bendrovė ""Invalda INVL""",LT
K2LT,LT0000129009,485100001N8B2MD3QO64,"AB ""K2 LT""",LT
KALVE,LV0000102234,64889HJJEWH71X131480,AS Kalve Coffee,LV
KNE1L,LT0000111650,529900MTLT34HRR1LT15,"AB ""KN Energies""",LT
KNR1L,LT0000123010,529900RB20XIQK6NOQ50,"Akcinė bendrovė ""Kauno energija""",LT
LGD1L,LT0000128415,529900CTIUKTEFNNH157,LITGRID AB,LT
LHV1T,EE3100102203,529900JG015JC10LED24,AS LHV Group,EE
LINDA,EE3100060344,529900CNWR9DBRIXID39,aktsiaselts Linda Nektar,EE
MAGIC,EE3100073438,98450071E4AE12E99369,TextMagic AS,EE
MDARA,LV0000101624,48510000NFH7BLQEYU67,"AS ""MADARA Cosmetics""",LV
MODE,EE3100084203,254900TBIGLAQ57PJW79,Aktsiaselts Modera,EE
MOLNR,EE3100109034,984500F0KEF52E642E45,J.Molner AS,EE
MRK1T,EE3100098328,529900AS1XLZP15O8887,Aktsiaselts MERKO EHITUS,EE
NCN1T,EE3100039496,48510000D8HSLK854I81,Nordecon AS,EE
NEOFI,LT0000132953,485100T1T8JVOQPCVU64,"NEO Finance, AB",LT
NTU1L,LT0000131872,097900BGCW0000042109,"Akcinė bendrovė ""Novaturas""",LT
PKG1T,EE3100006040,097900BGM10000061519,AS Pro Kapital Grupp,EE
PNKTD,EE3100089160,984500E7550C3812C398,Punktid Technologies AS,EE
PRF1T,EE3100101031,529900PFXFO2ZDCRNK93,AS PRFoods,EE
PZV1L,LT0000111676,529900R9OPI0FLJO5U85,"Akcinė bendrovė ""Pieno žvaigždės""",LT
RKB1R,LV0000100378,48510000DWP0BMQCTM64,"Akciju sabiedrība ""Rīgas kuģu būvētava""",LV
ROE1L,LT0000102253,549300TK038P6EV4YU51,AB Artea bankas,LT
RSU1L,LT0000100372,48510000PW42N5W74S87,"Akcinė bendrovė ""ROKIŠKIO SŪRIS""",LT
SAF1R,LV0000101129,48510000F6NVA4T63P67,"Akciju sabiedrība ""SAF TEHNIKA""",LV
SAUNA,EE3100019753,9845001C65B2B9FE6407,Saunum Group AS,EE
SCM1R,LV0000100600,48510000ZQJJELMSZC35,"Akciju sabiedrība ""SIGULDAS CILTSLIETU UN MĀKSLĪGĀS APSĒKLOŠANAS STACIJA""",LV
SFG1T,EE3100001751,529900JNG41RRJKJYB65,Aktsiaselts Silvano Fashion Group,EE
SKN1T,EE3100092503,54930002HOIXBD15OM06,Nordic Fibreboard AS,EE
TAL1T,EE3100004466,529900QRMWAKKR3L9W75,Aktsiaselts Tallink Grupp,EE
TEL1L,LT0000123911,5299007A0LO7C2YYI075,"Telia Lietuva, AB",LT
TKM1T,EE0000001105,529900785KF1K0EEW940,TKM Grupp AS,EE
TPD1T,EE3100003443,549300EVKRFJ9KNYZ593,AS TRIGON PROPERTY DEVELOPMENT,EE
TSM1T,EE3100021635,25490093MDYISEP1Y539,aktsiaselts TALLINNA SADAM,EE
TVE1T,EE3100026436,5493000M6TVS2X0KWC97,AKTSIASELTS TALLINNA VESI,EE
VBL1L,LT0000104267,529900MJDB8L13ZF6G26,"Akcinė bendrovė ""VILNIAUS BALDAI""",LT
VIRSI,LV0000101848,213800DMDEDIDNEAOR80,"Akciju sabiedriba ""VIRSI-A""",LV
VLP1L,LT0000127508,5299005NNDRP09PFOY81,"AB ""VILKYŠKIŲ PIENINĖ""",LT
ZMP1L,LT0000121865,5299005U9E85Y55OHK45,"Akcinė bendrovė ""ŽEMAITIJOS PIENAS""",LT
BAL1R,LV0000100808,,,
ELEVR,LU2818110020,,,
PRIMO,EE3100152224,,,
ROBUS,EE3100096140,,,
UTR1L,LT0000109324,,,
